sigma,test_loss,test_acc,trial
0,0.0602271116845114,98.1,2
1,4.940373575611479,21.35,2
2,7.413029527967902,11.38,2
3,6.573660382799282,10.21,2
4,7.164932870561151,10.14,2
5,8.47144688162834,10.21,2
6,10.177271041141195,10.24,2
7,12.050473741665009,10.18,2
8,13.956423060909199,10.16,2
