sigma,test_loss,test_acc,trial
0,0.024357262936162697,99.2,1
1,2.557174816253079,37.79,1
2,6.576675214585225,11.6,1
3,7.045448777022635,10.91,1
4,8.065018547568352,10.33,1
5,9.708972706156931,10.28,1
6,11.417434018128997,9.94,1
7,13.014020069389586,10.07,1
8,14.478742696677044,10.16,1
