sigma,test_loss,test_acc,trial
0,0.02926176522921839,99.12,0
1,1.434505497574047,57.4,0
2,7.145581813374902,13.76,0
3,12.033659114959134,9.82,0
4,15.900322823008155,9.77,0
5,18.89209635546253,9.68,0
6,21.606669614269475,9.79,0
7,24.390577705043135,9.76,0
8,27.288167795557886,9.75,0
