sigma,test_loss,test_acc,trial
0,0.022287785568887036,99.3,2
1,10.432977062881372,12.21,2
2,16.917984452217247,9.74,2
3,17.618546406934215,9.74,2
4,17.72490935720456,9.74,2
5,18.14173201542751,9.71,2
6,18.79640315596465,9.74,2
7,19.686660608668237,9.71,2
8,20.523816989485624,9.97,2
