sigma,test_loss,test_acc,trial
0,0.02808181764680305,99.18,0
1,5.868898929304378,19.34,0
2,15.733924464814981,9.74,0
3,18.150096632113122,9.74,0
4,20.35340661455871,9.74,0
5,22.68272141134663,9.74,0
6,25.096188235434756,9.74,0
7,27.639145055394263,9.74,0
8,30.22082391969717,9.7,0
