sigma,test_loss,test_acc,trial
0,0.025364870338991378,99.29,1
1,5.057382424166248,18.67,1
2,10.57196616519029,9.75,1
3,9.958112431179945,9.74,1
4,8.108771454756427,9.73,1
5,6.656283554757477,9.73,1
6,5.637723625085916,9.62,1
7,5.0154724956318075,9.43,1
8,4.711050888535324,9.55,1
