sigma,test_loss,test_acc,trial
0,0.027645410784664058,99.16,0
1,2.001175424855226,46.35,0
2,8.551497019020616,10.16,0
3,11.043653050805354,9.77,0
4,12.152801635159049,9.73,0
5,12.554251506829717,9.71,0
6,12.492085906350688,9.74,0
7,12.16472222395004,9.73,0
8,11.774476531204904,9.69,0
